feature_id	C1_PRETERM_VS_TERM | bladder	C1_PRETERM_VS_TERM | placenta	C1_PRETERM_VS_TERM | uterus	C2_UPEC_VS_PBS_PREGNANCY | bladder	C2_UPEC_VS_PBS_PREGNANCY | placenta	C2_UPEC_VS_PBS_PREGNANCY | uterus	C3_INFECTED_PREGNANT_VS_NONPREGNANT | bladder	C4_UTI89_RFP_VS_UTI89_TERM | bladder	C4_UTI89_RFP_VS_UTI89_TERM | placenta	C4_UTI89_RFP_VS_UTI89_TERM | uterus
CHOLESTEROL_BIOSYNTHESIS	-0.3676190350403667	-0.2427657634531032	-0.10437386360586419	0.7254080278698753	-0.7838880627268637	0.22533761022060744	-1.3346489251793725	-1.6089821122350982	-1.2673653775771148	-0.3815652794325021
CHOLESTEROL_UPTAKE_TRANSPORT_EXPORT	-0.2187013968881286	-0.24732111360257875	-0.0460652354906136	0.3891861816974427	-0.31359625448944145	0.2842637032332668	0.32526112338529467	-1.0179564721537862	-1.051414235767067	-0.2612406237009463
STEROIDOGENESIS_CORE	0.6984821720927213	0.41502846780385905	0.8795652756774262	0.7059204911276613	-0.15769837182711222	-0.6092611905886939	-0.10964611047794995	-0.007972724240888242	-0.5800195582834506	0.27677298510324305
PROGESTERONE_BIOSYNTHESIS_RESPONSE	-0.5874343331618976	-0.5030817475315358	-0.02107664460696074	0.19406705754799586	0.2114562197285492	-0.45241637039495997	0.2357976586753661	-0.9608972807550028	-1.6506632031276602	-0.6151292916793747
ESTROGEN_BIOSYNTHESIS	-0.43141146627501836	-0.2679451119744505	0.21474687301363365	0.22359072071866298	-0.3716556694064157	0.4930960806800092	0.1445432056417865	-2.377119313176773	-1.2962524165700258	-0.2513649404914854
ESTROGEN_RECEPTOR_RESPONSE	-1.0495272485911142	-0.40538438476472644	-0.9114340045584498	-0.04938943838062942	0.1650461221863599	0.27794467372945236	0.8583021267150158	-1.4279264604653428	-1.3889714229469226	-1.407296086331802
ANDROGEN_TESTOSTERONE_BIOSYNTHESIS	0.5120363485796444	0.06135650579834502	1.4716923478785662	0.3327292638980083	-0.2572233320109406	-0.9779976514567984	-0.08970722737270516	-0.15774040770863504	-0.6976484499515421	0.7879489861993179
TESTOSTERONE_CONVERSION_AROMATIZATION	-0.3249692049303546	-0.04307987667198547	0.4565613119478143	0.5247573417775623	-1.2270353565274814	0.28911717676748	-0.13186798084282683	-1.516260004469506	-0.35533285746925153	-0.34439932327043027
ANDROGEN_RECEPTOR_SIGNALING	-1.0188848639899222	-0.5687758189028331	-0.8043093611651837	-0.031888621272064314	0.007166713479516858	0.5712311994970121	0.6400152632410199	-1.8049856639753108	-1.500842160576108	-0.9610317701681886
GLUCOCORTICOID_RESPONSE	-0.9410623700628638	-0.8259823876820072	-0.6577090767419905	-0.19156963603618093	0.024692674055856	0.11491236571852484	1.1970524508315372	-1.006162222931379	-1.1910801905014683	-0.565705701453408
MINERALOCORTICOID_RESPONSE	-0.34971862212034993	-0.7444900529211202	-0.4946617089637732	0.4382564416029907	-0.11383742057753185	0.6978469967525693	0.4414312161189138	-1.0043624387896692	-1.2071724672376003	-0.896639080887823
STEROID_SULFATION_DESULFATION	-0.4726474874056503	-0.3096060694428757	-0.6212498208409187	-0.10625954164952507	-0.6622188490412063	-0.8804057063697692	0.7724133532301495	-0.8498725044201506	-0.906010854742688	-0.7627216444971977
PLACENTAL_STEROID_METABOLISM	0.2693983197571547	0.0104384168928135	-0.13351459468386856	0.6393394121926572	-0.06575321204340696	-0.3187270208115405	0.7761391768770401	-0.22577944233013125	-0.8278894917673374	-2.1652999669536572
LXR_FXR_STEROL_SIGNALING	0.2498601283618348	0.14088113669172334	0.3929015315891652	0.18453635670216312	-0.30899816029393823	0.5616348946379178	-0.10964446476054344	-0.4237087120432005	-0.7420710250437093	0.3877152132101035
FATTY_ACID_SYNTHESIS	-0.5578197467343663	-0.501122242204225	-0.270952121788552	0.2246946199165754	-0.5753774682279177	0.40074215625879145	-0.07591493281403504	-1.3624587757735964	-1.697356316190679	-0.6799453781681559
FATTY_ACID_BETA_OXIDATION	-0.3720436296384718	-0.2829279944810432	0.18118077273773828	0.32609818224392223	-0.37343931158178467	0.5782000396501533	0.3995889192882762	-0.7027745213489606	-1.2163774392238824	-0.652407916321239
PHOSPHOLIPID_METABOLISM	-0.6455749484980116	0.20667723285669864	0.06475313853677432	0.24766224910170354	-0.4966475564017939	0.5930338155036962	0.18125143722357867	-0.9627235787076224	-0.7509248988542717	-0.21300702089079832
SPHINGOLIPID_CERAMIDE_METABOLISM	-0.556979293354634	-0.18351182549311246	-0.34968922746121855	0.3989634068862952	-0.3576176791675761	-0.37831870893336517	0.5445420549295785	-1.083877198806066	-1.1884097998779357	-0.7656088344883937
EICOSANOID_PROSTAGLANDIN_METABOLISM	-0.21863785041078743	0.20608434303326856	-0.0032170257227447253	0.3904999292022162	0.07046492431001965	-0.015599619581646655	0.7027911556992366	-0.38768363083445556	-0.23840654339333234	-0.7196777148341724
LIPID_DROPLET_DYNAMICS	0.020180222411968766	0.16299060030384366	0.4010433374679129	0.21930099332747846	-0.41358633323059335	0.6910461652770182	-0.03009908964151707	-0.5887955508699344	-0.8615015697625695	-0.34671051802259484
PPAR_SREBP_LXR_REGULATION	-0.38971875350887286	-0.07783184755842798	0.34201149691222915	0.416921514850779	-0.43094112857079864	-0.3223128222237361	-0.5415905503476	-1.172271737162082	-1.1674115048700333	-0.06559174457508546
FERROPTOSIS_LIPID_PEROXIDATION	-0.5925260737580739	-0.15949427880610506	0.19165420330280436	1.1508293610411644	-0.005184351325254716	-0.05429955700772414	-0.03677920420201517	-1.049840033899631	-1.089852901669074	-0.7113043094163003
GLYCOLYSIS	-0.15982845486541822	-0.23528932821735596	0.3445146485825169	0.5614228522935835	-0.7990386620142167	-0.406645615550242	1.0101712519678727	-0.5481230534585063	-0.627198163954525	-0.30205495678364414
GLUCONEOGENESIS	0.17075358174412	0.01874911853584507	-0.2986875855793756	0.28266402072518126	-0.6544321347134042	1.1931810405762517	0.4135757307217111	-0.8478932560888931	-0.9866246980629487	-1.943311759434544
GLYCOGEN_SYNTHESIS	-1.2540676429955062	-0.3027964300522092	0.15308059665013618	0.1242881410695237	-0.7712347344448531	-0.003977429439169786	0.4517031258990725	-0.9952641160240768	-1.0795274688234335	0.08689482256930267
GLYCOGENOLYSIS	-0.2908785058860659	0.01716396027621717	0.3340755412182413	0.09779036218470274	-0.6468012762765816	0.31128904924261513	0.6140594410410555	-0.3308573426614798	-0.9275333364691054	-0.3385471837777055
PENTOSE_PHOSPHATE_PATHWAY	-0.5421655832476104	0.31725992605967096	0.14980066617783333	0.6129351439755868	-0.37773966344922705	0.428492046396194	0.3985926277046877	-1.3470772520253822	-0.4070206931710823	-0.2510905038825892
TCA_OXPHOS	-0.28275092379416433	0.1355121715783165	0.3198703421524963	0.4910697557217295	-0.7186530159542012	0.9104433454479703	0.6185211370842494	-0.436883272623189	-1.0451901415645029	-0.4399269353825559
LACTATE_HIF1A_INFLAMMATORY_GLYCOLYSIS	-0.8484877551076575	-0.45455035842748615	-0.06272654930899693	0.2939459045391361	-0.18147035051473276	-0.4230335671949173	0.0748613147052274	-0.8037449788014522	-1.4084458944501919	-0.6473379480857899
AMPK_SIGNALING	-0.8122601070381932	-0.07401902892771754	0.28672912445334836	0.39364150910500617	-0.584243297934736	0.938124875763557	0.5303538899217222	-0.5008878800252906	-1.0308053544433111	-0.42681407768813245
MTOR_SIGNALING	-0.8057188489579195	0.10672366898851483	0.16490444246291586	0.4883531993430784	-0.4784524505023684	0.40489175847022335	-0.1315461676284759	-0.6204320631023453	-1.002720386122758	-0.3589629130426016
GLUCOSE_TRANSPORT	-0.3055608272910256	-0.16472362690379294	-1.0447689218991196	0.38644247620400657	-0.3233823817905002	-0.6092977276087711	0.38786250739662276	-0.5844494842678615	-0.9232600020653094	-0.8581615872065994
AGE_RAGE_SIGNALING	-0.4817044088618192	0.38045410123293455	-0.04152734866917421	0.6560046769717482	-0.21826088456774187	-0.2087355514975391	-0.09134094613659353	-0.7936711824914554	-0.7996010898265267	-0.9168629881692816
INSULIN_RECEPTOR_IRS	-1.3402578002419596	-0.40974964530183566	-0.6759836665295377	-0.046741521197837116	-0.3546081531981574	0.13123482922479698	0.44970417606578256	-1.1667219714319088	-1.4315667679765463	-1.0389918680358647
PI3K_AKT_SIGNALING	-1.289974024948377	-0.36377685296788903	-0.6352753686157185	0.10400682127094474	-0.20554107071510966	0.20487432929057525	0.4458709580838572	-1.28606170768897	-1.3359209964883278	-0.7079575467969087
MTORC1_INSULIN_OUTPUT	-0.8517546154371797	-0.231067528762688	-0.13885605552250618	0.2898294371376078	-0.4779669129995367	0.45751546072177746	0.4528166626182239	-0.8022554182845378	-1.2894036725542521	-0.8325202186912091
AMPK_INSULIN_COUNTERREGULATION	-0.744315365082096	-0.30429712401021386	-0.30170397181469777	0.1431634392663947	-0.4232120891357079	0.7077309735966928	0.5045740726586657	-0.6673525985458953	-1.3444872404150956	-0.8676316060662316
LEPTIN_SIGNALING	-0.8527724012270284	-0.19196799469757722	-0.7524117043029656	0.3394515424730212	-0.35593844683134424	0.6729834009207104	0.41659084969500876	-1.2247781815870775	-1.066932788102769	-1.1549757364808362
ADIPONECTIN_SIGNALING	-1.0885162443443697	-0.2392206686071992	0.15699163345526693	0.16717794420599302	-0.34929906246713055	0.004973976317846962	-0.003731464410166998	-1.4595377800237535	-1.3719888913729377	-1.0803460842406063
RESISTIN_INFLAMMATORY_SIGNALING	-0.50684976743131	0.4912458416695309	-0.5059353303526654	0.5890935728332182	-0.07001035758807744	0.27257910255509876	0.039917677106973457	-1.0279966763500605	-0.5551278452833149	-1.3175873138123735
ADIPOKINE_INFLAMMATORY_AXIS	-0.25376894917288895	0.7397917521344026	-0.35148704795350677	0.6672525214832966	0.2353752347036881	-0.937365683597475	-0.15264241648574317	-0.9554352916513081	-0.3739660560986809	-0.9077399011579508
PPARG_ADIPOMETABOLIC_REGULATION	-0.4225736558547329	0.20336643193154105	0.02704368275666965	0.1096599187511169	-0.3225482667085081	-0.23972809469762957	-0.09899525901751628	-1.0650595860824086	-1.0932452919838893	-1.4615201345774635
TRYPTOPHAN_KYNURENINE	-0.2814729674609406	0.06825324251719454	0.6463425996299098	-0.06603117526656994	-0.4774669483951472	0.7817533430730323	0.3141327870680319	-0.6159075104252809	-0.5566328531851712	-0.40041026322434176
ARGININE_NO_UREA	-0.46606159025563665	-0.16853392239663878	0.09185378785579651	0.28227938103003547	-0.3257433984221691	-0.330263936679599	0.7359283512934944	-0.8422646529769671	-1.1586580383668426	-1.854601129333165
GLUTAMINE_GLUTAMATE	-1.0249915329895265	-0.229458306686825	-0.3796808399169906	0.35034881340536705	-0.5695363223634324	-0.01180724548926521	0.6138301412544115	-1.532947024498103	-1.575787304204267	-0.5580997917544097
SERINE_GLYCINE_ONE_CARBON	-0.9867953184936026	-0.005699760564527562	0.11317928193411586	0.7924853344897027	-0.7245475380694859	0.3319923903012867	0.5663371315777995	-2.5638360544666905	-1.2736774637295114	-0.6097568650598012
METHIONINE_SAM_METHYLATION	-0.9748553589257319	-0.43166609032990505	-0.35954085001543745	0.2038560933422443	-0.4122239249925963	0.3390425321588316	0.12367075710040458	-0.8840367085233961	-1.623008078985822	-1.140683813736025
BRANCHED_CHAIN_AMINO_ACIDS	-0.2217901100176466	-0.04484271899162542	0.11544667147193666	0.0684472456905793	-0.6125112791978754	0.9393602518520584	0.37588261012307417	-0.6147476352712014	-0.9341437688895126	-0.7103527566696727
AROMATIC_AMINO_ACID_METABOLISM	-0.22191418000023924	-0.4867605660930194	0.2497445629794132	-0.08593522674593182	-0.18037601683492008	0.6572045781604307	0.727493669092695	-0.6058067445256515	-1.1659043133251894	0.2175523247029398
AMINO_ACID_TRANSPORT	-0.9110329763420932	-0.41264344919822893	-1.0527503025877167	0.296460616488545	-0.07785555046292741	-0.31033772496946804	0.6532124426145993	-1.6233551237688848	-1.471758305286257	-0.8020400520420609
CATECHOLAMINE_BIOSYNTHESIS_DEGRADATION	-0.1053306587235214	0.05207637382982904	0.340131714462502	0.281575955981889	-0.4423015327729926	0.13957626396624315	0.609077680783404	-0.011601476087896167	-0.8320310682110114	-0.5346800610215002
ADRENERGIC_STRESS_SIGNALING	-0.9815447317630289	0.008920765754955809	-0.459976279309689	-0.4202849029495351	-0.6012036553295511	0.15379083086720022	0.7789073060845944	-1.1977444355074067	-1.1957110966642723	-1.0680630600713341
CATECHOLAMINE_IRON_REDOX_INTERFACE	-0.48191319445840836	-0.24136522637098587	-0.1131986107226608	0.5697731798949757	0.1356736361397365	0.29010817830070246	0.3690879040648459	-0.7065658422490039	-1.183799713634577	-0.7236156809342164
PURINE_DE_NOVO_SYNTHESIS	-0.90439918257767	-0.013436027096613904	-0.18309700254225844	0.4173728526439439	-0.39770952335668514	0.5990805427619894	0.6741700804836344	-1.4612165779072037	-1.106987480558163	-0.6347049418070861
PURINE_SALVAGE	-0.6095832639873975	0.015034742059071415	-0.0024038860814815295	0.3491030007321404	-0.46585155217158847	-0.44712172192622324	1.3706554466140357	-0.5602984246136837	-1.2559432147248217	-0.26692092947452556
PURINE_DEGRADATION_URATE	-0.4048342058971698	-0.3108743913931822	-0.32189190339566054	0.10290835911677075	-0.26922843628310844	-0.48946630789674495	1.0307811243653426	-0.6325185712393705	-0.8352172859741814	-0.4318874004529322
PYRIMIDINE_SYNTHESIS	-0.8425826478345854	0.42628090075666486	0.1124334054313158	0.9269698590723383	-0.6216850765687096	0.3663894515934957	0.5980736118976233	-1.1343642053428244	-0.9353244230350335	-0.572559304570359
PYRIMIDINE_DEGRADATION	-0.13085773278526414	0.8307072827642614	0.05430291705433447	1.1825503908015684	-0.7705917662725854	-0.4251442512349531	-0.4085835131015582	-0.4167538157159713	-0.6408389769699337	-0.10019117117408509
NAD_METABOLISM	-0.5157014834788579	-0.10071543859257645	0.0014363055145729814	0.24482614514599546	-0.564648844583666	0.7360484078283704	0.4449612884131995	-0.691028478727422	-1.206927748571089	-0.4418477845034615
UREA_CYCLE	-0.12029244043678912	-0.20133425669552515	0.5225718284765776	-0.02905041545749623	-0.36635976962830497	0.34806382965247634	0.5599540873201713	-1.2245171086202828	-1.4448792089606148	-1.1461183985237848
NITRIC_OXIDE_SYNTHESIS_REGULATION	-0.057118308562182	-0.016708353194814732	0.2290624948263601	0.5745950366293203	-0.48234324711313337	-0.8010822653736148	0.773978298768809	-0.42589805510986445	-0.8657954495551015	-1.1206562973999483
XANTHINE_OXIDASE_OXIDATIVE_PURINE_CATABOLISM	0.00160252755795788	0.35991271938631103	0.6573314199215012	0.698496137927261	-0.5002606886809302	-0.011209243123791278	0.457025426352275	-0.1770200256929926	-0.5691005361594436	-0.06841478965755979
COMPLEMENT_CLASSICAL	0.47355567006108085	0.16668028270062613	0.6663628809423575	0.26534745738656723	-0.3581803266020909	0.7159321600271066	0.9339565793762142	0.23412207931396495	-0.32156980479439373	0.4091798264971804
COMPLEMENT_LECTIN	0.30225182465031436	-0.07134212785843957	0.5892011741991348	-0.06873522181429788	-0.10124787355620404	-0.559102393695678	1.0957972708101489	-0.14389874217768536	-0.5841549788046946	0.25332620737692163
COMPLEMENT_ALTERNATIVE	-0.040471499638027215	0.37208494426754174	0.130834045096689	0.2987179578977494	0.13011883065920044	0.961724494107166	0.7048957838255627	-0.3118848799748798	-0.2653204599182401	-0.5320511221195934
COMPLEMENT_C3_CONVERTASE_AMPLIFICATION	0.20203594346381532	0.02058762294262827	0.6627100216153843	0.3000879207652096	-0.08005464904003996	1.1686840835533288	0.643811596451764	-0.098071009542147	-0.5213715916395579	-0.14353526014545123
COMPLEMENT_TERMINAL_MAC	0.7169945504312463	-0.05538640912355073	0.5744464349606124	-0.003967126856469938	0.028341715100333363	0.960613721304766	0.7778746537245376	0.06002628963799807	-0.9884917004139792	-0.18581465729366461
COMPLEMENT_REGULATORS	-0.1151856694214474	-0.21621519106066409	0.0011885847681050363	0.523732131138319	0.49023397410323777	0.7446344914912053	0.3362592898366689	-0.47014374411386245	-0.5595254124139925	-0.3353022630319871
COMPLEMENT_COAGULATION_CROSSTALK	-0.4873583777399255	-0.45553069998700174	-0.3220655969583369	0.36679882691370785	-0.03850614273964435	-0.15841861970313553	1.079559418900903	-1.0688513026790987	-0.919619051964466	-1.102946526583523
COMPLEMENT_OPSONOPHAGOCYTOSIS	0.2878657120830686	0.27902084614567746	0.29854572078046615	0.4245595687724989	-0.24813810925638924	0.8797041911271781	0.6237123005145684	0.13163420692233138	-0.12547500464225705	-0.09500881183622932
COMPLEMENT_C3A_C5A_SIGNALING	-0.5266738017879126	0.34317047582911747	-0.49715301143415225	0.6066408853550672	-0.17577576836865466	0.06806889808304585	0.31845235348683737	-1.0848691609149244	-0.6130653822706582	-1.7846910114234495
TLR4_LPS_SIGNALING_ANCHOR	-0.5142033620541495	-0.03307767855352673	-0.05800892315998771	0.5764899785252723	-0.15375500438287937	0.538690474302069	0.07403835607056795	-1.0445714027572592	-0.664976907670989	-0.4170536880470526
NFKB_MAPK_INFLAMMATION_ANCHOR	-0.5802083055318991	0.29985987134100633	0.17967726085498972	0.6839938611237788	-0.23647744516521485	0.3401538440683138	0.06322807713345031	-1.0065190305231961	-0.8757867307473451	-0.5579105776809152
NEUTROPHIL_NETOSIS_ANCHOR	0.0719187500937579	0.9311897917716283	0.23140044992778344	1.265255542033866	0.14322385426890946	-0.19529368954531984	0.1035655495540293	-0.6282220737011541	0.2936162132068494	-0.9795855607539427
OXIDATIVE_STRESS_NRF2_ANCHOR	-0.471335951988209	0.13092036902825785	0.2700407163010553	0.7363029411036537	-0.6962602874240469	0.4904882436922246	0.07679799295848662	-0.8263649854825164	-1.1539436303162918	-0.4655403458126635
UROTHELIAL_BARRIER_REPAIR_ANCHOR	-0.09449285410894263	0.31642924287620433	-0.5010520816903624	0.6687162067870439	-0.45583861286958516	-0.30284737874118567	-0.8374515387745279	-1.9393906641842356	-0.973283432277542	-0.9543281964144912
PREGNANCY_INFLAMMATION_ANCHOR	-0.5591454054564856	0.00459514628375656	-0.6189496258250285	0.7003963891748872	0.21629825580403841	-0.26421291039604344	0.3664402293437156	-0.9688779250264465	-0.7489484109515919	-1.8626977341169848
STEROID_INFLAMMATORY_IMBALANCE_INDEX	-0.520614126736694	0.12086590869890212	0.04414770381609545	0.43710776211445207	-0.46124222761466327	0.6722659836374464	-0.19589266243161524	-1.1886826238741155	-0.14763563359246348	0.9221659094839169
INFLAMMATORY_CARBON_USE_INDEX	-1.1529232070436364	-0.31089313789009543	-1.1738109909206955	-0.26112748707472	0.7234038928883474	-2.4582779339098346	-0.5116480099806522	-0.829619949343755	0.6688613093239375	-0.13514534233498787
COMPLEMENT_INFLAMMATORY_AMPLIFICATION_INDEX	-0.15671611306042224	0.5241327765593439	0.19290867077252902	-0.019118871504242962	-0.9397787804353476	-0.42485839160860817	0.4357430554443105	-3.0022929589598846	-0.38604464921382203	-0.44337182104100403
PREGNANCY_RISK_ENDOCRINE_METABOLIC_INFLAMMATION_INDEX	-0.08786606665225151	0.20976255504995298	0.501538777816187	-0.18352668830983176	0.16286377364066243	0.3893964903079797	0.6348013777280331	1.0722845680387554	1.3543956731717852	1.5534004604449927
