feature_id	C1_PRETERM_VS_TERM | bladder	C1_PRETERM_VS_TERM | placenta	C1_PRETERM_VS_TERM | uterus	C2_UPEC_VS_PBS_PREGNANCY | bladder	C2_UPEC_VS_PBS_PREGNANCY | placenta	C2_UPEC_VS_PBS_PREGNANCY | uterus	C3_INFECTED_PREGNANT_VS_NONPREGNANT | bladder
ADIPOKINE_INFLAMMATORY_AXIS	-0.2537689491728889	0.7397917521344026	-0.3514870479535067	0.6672525214832966	0.2353752347036881	-0.937365683597475	-0.1526424164857431
ADIPONECTIN_SIGNALING	-1.0885162443443697	-0.2392206686071992	0.1569916334552669	0.167177944205993	-0.3492990624671305	0.0049739763178469	-0.0037314644101669
ADRENERGIC_STRESS_SIGNALING	-0.9815447317630288	0.0089207657549558	-0.459976279309689	-0.4202849029495351	-0.6012036553295511	0.1537908308672002	0.7789073060845944
AGE_RAGE_SIGNALING	-0.4817044088618192	0.3804541012329345	-0.0415273486691742	0.6560046769717482	-0.2182608845677418	-0.2087355514975391	-0.0913409461365935
AMINO_ACID_TRANSPORT	-0.9110329763420932	-0.4126434491982289	-1.0527503025877167	0.296460616488545	-0.0778555504629274	-0.310337724969468	0.6532124426145993
AMPK_INSULIN_COUNTERREGULATION	-0.744315365082096	-0.3042971240102138	-0.3017039718146977	0.1431634392663947	-0.4232120891357079	0.7077309735966928	0.5045740726586657
AMPK_SIGNALING	-0.8122601070381932	-0.0740190289277175	0.2867291244533483	0.3936415091050061	-0.584243297934736	0.938124875763557	0.5303538899217222
ANDROGEN_RECEPTOR_SIGNALING	-1.0188848639899222	-0.5687758189028331	-0.8043093611651837	-0.0318886212720643	0.0071667134795168	0.5712311994970121	0.6400152632410199
ANDROGEN_TESTOSTERONE_BIOSYNTHESIS	0.5120363485796444	0.061356505798345	1.4716923478785662	0.3327292638980083	-0.2572233320109406	-0.9779976514567984	-0.0897072273727051
ARGININE_NO_UREA	-0.4660615902556366	-0.1685339223966387	0.0918537878557965	0.2822793810300354	-0.3257433984221691	-0.330263936679599	0.7359283512934944
AROMATIC_AMINO_ACID_METABOLISM	-0.2219141800002392	-0.4867605660930194	0.2497445629794132	-0.0859352267459318	-0.18037601683492	0.6572045781604307	0.727493669092695
BRANCHED_CHAIN_AMINO_ACIDS	-0.2217901100176466	-0.0448427189916254	0.1154466714719366	0.0684472456905793	-0.6125112791978754	0.9393602518520584	0.3758826101230741
CATECHOLAMINE_BIOSYNTHESIS_DEGRADATION	-0.1053306587235214	0.052076373829829	0.340131714462502	0.281575955981889	-0.4423015327729926	0.1395762639662431	0.609077680783404
CATECHOLAMINE_IRON_REDOX_INTERFACE	-0.4819131944584083	-0.2413652263709858	-0.1131986107226608	0.5697731798949757	0.1356736361397365	0.2901081783007024	0.3690879040648459
CHOLESTEROL_BIOSYNTHESIS	-0.3676190350403667	-0.2427657634531032	-0.1043738636058641	0.7254080278698753	-0.7838880627268637	0.2253376102206074	-1.3346489251793725
CHOLESTEROL_UPTAKE_TRANSPORT_EXPORT	-0.2187013968881286	-0.2473211136025787	-0.0460652354906136	0.3891861816974427	-0.3135962544894414	0.2842637032332668	0.3252611233852946
COMPLEMENT_ALTERNATIVE	-0.0404714996380272	0.3720849442675417	0.130834045096689	0.2987179578977494	0.1301188306592004	0.961724494107166	0.7048957838255627
COMPLEMENT_C3A_C5A_SIGNALING	-0.5266738017879126	0.3431704758291174	-0.4971530114341522	0.6066408853550672	-0.1757757683686546	0.0680688980830458	0.3184523534868373
COMPLEMENT_C3_CONVERTASE_AMPLIFICATION	0.2020359434638153	0.0205876229426282	0.6627100216153843	0.3000879207652096	-0.0800546490400399	1.1686840835533288	0.643811596451764
COMPLEMENT_CLASSICAL	0.4735556700610808	0.1666802827006261	0.6663628809423575	0.2653474573865672	-0.3581803266020909	0.7159321600271066	0.9339565793762142
COMPLEMENT_COAGULATION_CROSSTALK	-0.4873583777399255	-0.4555306999870017	-0.3220655969583369	0.3667988269137078	-0.0385061427396443	-0.1584186197031355	1.079559418900903
COMPLEMENT_INFLAMMATORY_AMPLIFICATION_INDEX	-0.1567161130604222	0.5241327765593439	0.192908670772529	-0.0191188715042429	-0.9397787804353476	-0.4248583916086081	0.4357430554443105
COMPLEMENT_LECTIN	0.3022518246503143	-0.0713421278584395	0.5892011741991348	-0.0687352218142978	-0.101247873556204	-0.559102393695678	1.0957972708101489
COMPLEMENT_OPSONOPHAGOCYTOSIS	0.2878657120830686	0.2790208461456774	0.2985457207804661	0.4245595687724989	-0.2481381092563892	0.8797041911271781	0.6237123005145684
COMPLEMENT_REGULATORS	-0.1151856694214474	-0.216215191060664	0.001188584768105	0.523732131138319	0.4902339741032377	0.7446344914912053	0.3362592898366689
COMPLEMENT_TERMINAL_MAC	0.7169945504312463	-0.0553864091235507	0.5744464349606124	-0.0039671268564699	0.0283417151003333	0.960613721304766	0.7778746537245376
EICOSANOID_PROSTAGLANDIN_METABOLISM	-0.2186378504107874	0.2060843430332685	-0.0032170257227447	0.3904999292022162	0.0704649243100196	-0.0155996195816466	0.7027911556992366
ESTROGEN_BIOSYNTHESIS	-0.4314114662750183	-0.2679451119744505	0.2147468730136336	0.2235907207186629	-0.3716556694064157	0.4930960806800092	0.1445432056417865
ESTROGEN_RECEPTOR_RESPONSE	-1.0495272485911142	-0.4053843847647264	-0.9114340045584498	-0.0493894383806294	0.1650461221863599	0.2779446737294523	0.8583021267150158
FATTY_ACID_BETA_OXIDATION	-0.3720436296384718	-0.2829279944810432	0.1811807727377382	0.3260981822439222	-0.3734393115817846	0.5782000396501533	0.3995889192882762
FATTY_ACID_SYNTHESIS	-0.5578197467343663	-0.501122242204225	-0.270952121788552	0.2246946199165754	-0.5753774682279177	0.4007421562587914	-0.075914932814035
FERROPTOSIS_LIPID_PEROXIDATION	-0.5925260737580739	-0.159494278806105	0.1916542033028043	1.1508293610411644	-0.0051843513252547	-0.0542995570077241	-0.0367792042020151
GLUCOCORTICOID_RESPONSE	-0.9410623700628638	-0.8259823876820072	-0.6577090767419905	-0.1915696360361809	0.024692674055856	0.1149123657185248	1.1970524508315372
GLUCONEOGENESIS	0.17075358174412	0.018749118535845	-0.2986875855793756	0.2826640207251812	-0.6544321347134042	1.1931810405762515	0.4135757307217111
GLUCOSE_TRANSPORT	-0.3055608272910256	-0.1647236269037929	-1.0447689218991196	0.3864424762040065	-0.3233823817905002	-0.6092977276087711	0.3878625073966227
GLUTAMINE_GLUTAMATE	-1.0249915329895265	-0.229458306686825	-0.3796808399169906	0.350348813405367	-0.5695363223634324	-0.0118072454892652	0.6138301412544115
GLYCOGENOLYSIS	-0.2908785058860659	0.0171639602762171	0.3340755412182413	0.0977903621847027	-0.6468012762765816	0.3112890492426151	0.6140594410410555
GLYCOGEN_SYNTHESIS	-1.2540676429955062	-0.3027964300522092	0.1530805966501361	0.1242881410695237	-0.7712347344448531	-0.0039774294391697	0.4517031258990725
GLYCOLYSIS	-0.1598284548654182	-0.2352893282173559	0.3445146485825169	0.5614228522935835	-0.7990386620142167	-0.406645615550242	1.0101712519678727
INFLAMMATORY_CARBON_USE_INDEX	-1.1529232070436364	-0.3108931378900954	-1.1738109909206955	-0.26112748707472	0.7234038928883474	-2.458277933909834	-0.5116480099806522
INSULIN_RECEPTOR_IRS	-1.3402578002419596	-0.4097496453018356	-0.6759836665295377	-0.0467415211978371	-0.3546081531981574	0.1312348292247969	0.4497041760657825
LACTATE_HIF1A_INFLAMMATORY_GLYCOLYSIS	-0.8484877551076575	-0.4545503584274861	-0.0627265493089969	0.2939459045391361	-0.1814703505147327	-0.4230335671949173	0.0748613147052274
LEPTIN_SIGNALING	-0.8527724012270284	-0.1919679946975772	-0.7524117043029656	0.3394515424730212	-0.3559384468313442	0.6729834009207104	0.4165908496950087
LIPID_DROPLET_DYNAMICS	0.0201802224119687	0.1629906003038436	0.4010433374679129	0.2193009933274784	-0.4135863332305933	0.6910461652770182	-0.030099089641517
LXR_FXR_STEROL_SIGNALING	0.2498601283618348	0.1408811366917233	0.3929015315891652	0.1845363567021631	-0.3089981602939382	0.5616348946379178	-0.1096444647605434
METHIONINE_SAM_METHYLATION	-0.974855358925732	-0.431666090329905	-0.3595408500154374	0.2038560933422443	-0.4122239249925963	0.3390425321588316	0.1236707571004045
MINERALOCORTICOID_RESPONSE	-0.3497186221203499	-0.7444900529211202	-0.4946617089637732	0.4382564416029907	-0.1138374205775318	0.6978469967525693	0.4414312161189138
MTORC1_INSULIN_OUTPUT	-0.8517546154371797	-0.231067528762688	-0.1388560555225061	0.2898294371376078	-0.4779669129995367	0.4575154607217774	0.4528166626182239
MTOR_SIGNALING	-0.8057188489579195	0.1067236689885148	0.1649044424629158	0.4883531993430784	-0.4784524505023684	0.4048917584702233	-0.1315461676284759
NAD_METABOLISM	-0.5157014834788579	-0.1007154385925764	0.0014363055145729	0.2448261451459954	-0.564648844583666	0.7360484078283704	0.4449612884131995
NEUTROPHIL_NETOSIS_ANCHOR	0.0719187500937579	0.9311897917716284	0.2314004499277834	1.265255542033866	0.1432238542689094	-0.1952936895453198	0.1035655495540293
NFKB_MAPK_INFLAMMATION_ANCHOR	-0.5802083055318991	0.2998598713410063	0.1796772608549897	0.6839938611237788	-0.2364774451652148	0.3401538440683138	0.0632280771334503
NITRIC_OXIDE_SYNTHESIS_REGULATION	-0.057118308562182	-0.0167083531948147	0.2290624948263601	0.5745950366293203	-0.4823432471131333	-0.8010822653736148	0.773978298768809
OXIDATIVE_STRESS_NRF2_ANCHOR	-0.471335951988209	0.1309203690282578	0.2700407163010553	0.7363029411036537	-0.6962602874240469	0.4904882436922246	0.0767979929584866
PENTOSE_PHOSPHATE_PATHWAY	-0.5421655832476104	0.3172599260596709	0.1498006661778333	0.6129351439755868	-0.377739663449227	0.428492046396194	0.3985926277046877
PHOSPHOLIPID_METABOLISM	-0.6455749484980116	0.2066772328566986	0.0647531385367743	0.2476622491017035	-0.4966475564017939	0.5930338155036962	0.1812514372235786
PI3K_AKT_SIGNALING	-1.289974024948377	-0.363776852967889	-0.6352753686157185	0.1040068212709447	-0.2055410707151096	0.2048743292905752	0.4458709580838572
PLACENTAL_STEROID_METABOLISM	0.2693983197571547	0.0104384168928135	-0.1335145946838685	0.6393394121926572	-0.0657532120434069	-0.3187270208115405	0.7761391768770401
PPARG_ADIPOMETABOLIC_REGULATION	-0.4225736558547329	0.203366431931541	0.0270436827566696	0.1096599187511169	-0.3225482667085081	-0.2397280946976295	-0.0989952590175162
PPAR_SREBP_LXR_REGULATION	-0.3897187535088728	-0.0778318475584279	0.3420114969122291	0.416921514850779	-0.4309411285707986	-0.3223128222237361	-0.5415905503476
PREGNANCY_INFLAMMATION_ANCHOR	-0.5591454054564856	0.0045951462837565	-0.6189496258250285	0.7003963891748872	0.2162982558040384	-0.2642129103960434	0.3664402293437156
PREGNANCY_RISK_ENDOCRINE_METABOLIC_INFLAMMATION_INDEX	-0.0878660666522515	0.2097625550499529	0.501538777816187	-0.1835266883098317	0.1628637736406624	0.3893964903079797	0.6348013777280331
PROGESTERONE_BIOSYNTHESIS_RESPONSE	-0.5874343331618976	-0.5030817475315358	-0.0210766446069607	0.1940670575479958	0.2114562197285492	-0.4524163703949599	0.2357976586753661
PURINE_DEGRADATION_URATE	-0.4048342058971698	-0.3108743913931822	-0.3218919033956605	0.1029083591167707	-0.2692284362831084	-0.4894663078967449	1.0307811243653426
PURINE_DE_NOVO_SYNTHESIS	-0.90439918257767	-0.0134360270966139	-0.1830970025422584	0.4173728526439439	-0.3977095233566851	0.5990805427619894	0.6741700804836344
PURINE_SALVAGE	-0.6095832639873975	0.0150347420590714	-0.0024038860814815	0.3491030007321404	-0.4658515521715884	-0.4471217219262232	1.3706554466140357
PYRIMIDINE_DEGRADATION	-0.1308577327852641	0.8307072827642614	0.0543029170543344	1.1825503908015684	-0.7705917662725854	-0.4251442512349531	-0.4085835131015582
PYRIMIDINE_SYNTHESIS	-0.8425826478345854	0.4262809007566648	0.1124334054313158	0.9269698590723384	-0.6216850765687096	0.3663894515934957	0.5980736118976233
RESISTIN_INFLAMMATORY_SIGNALING	-0.50684976743131	0.4912458416695309	-0.5059353303526654	0.5890935728332182	-0.0700103575880774	0.2725791025550987	0.0399176771069734
SERINE_GLYCINE_ONE_CARBON	-0.9867953184936026	-0.0056997605645275	0.1131792819341158	0.7924853344897027	-0.7245475380694859	0.3319923903012867	0.5663371315777995
SPHINGOLIPID_CERAMIDE_METABOLISM	-0.556979293354634	-0.1835118254931124	-0.3496892274612185	0.3989634068862952	-0.3576176791675761	-0.3783187089333651	0.5445420549295785
STEROIDOGENESIS_CORE	0.6984821720927213	0.415028467803859	0.8795652756774262	0.7059204911276613	-0.1576983718271122	-0.6092611905886939	-0.1096461104779499
STEROID_INFLAMMATORY_IMBALANCE_INDEX	-0.520614126736694	0.1208659086989021	0.0441477038160954	0.437107762114452	-0.4612422276146632	0.6722659836374464	-0.1958926624316152
STEROID_SULFATION_DESULFATION	-0.4726474874056503	-0.3096060694428757	-0.6212498208409187	-0.106259541649525	-0.6622188490412063	-0.8804057063697692	0.7724133532301495
TCA_OXPHOS	-0.2827509237941643	0.1355121715783165	0.3198703421524963	0.4910697557217295	-0.7186530159542012	0.9104433454479705	0.6185211370842494
TESTOSTERONE_CONVERSION_AROMATIZATION	-0.3249692049303546	-0.0430798766719854	0.4565613119478143	0.5247573417775623	-1.2270353565274814	0.28911717676748	-0.1318679808428268
TLR4_LPS_SIGNALING_ANCHOR	-0.5142033620541495	-0.0330776785535267	-0.0580089231599877	0.5764899785252723	-0.1537550043828793	0.538690474302069	0.0740383560705679
TRYPTOPHAN_KYNURENINE	-0.2814729674609406	0.0682532425171945	0.6463425996299098	-0.0660311752665699	-0.4774669483951472	0.7817533430730323	0.3141327870680319
UREA_CYCLE	-0.1202924404367891	-0.2013342566955251	0.5225718284765776	-0.0290504154574962	-0.3663597696283049	0.3480638296524763	0.5599540873201713
UROTHELIAL_BARRIER_REPAIR_ANCHOR	-0.0944928541089426	0.3164292428762043	-0.5010520816903624	0.6687162067870439	-0.4558386128695851	-0.3028473787411856	-0.8374515387745279
XANTHINE_OXIDASE_OXIDATIVE_PURINE_CATABOLISM	0.0016025275579578	0.359912719386311	0.6573314199215012	0.698496137927261	-0.5002606886809302	-0.0112092431237912	0.457025426352275
